CorrectAnswer,AnswerTime,Degree
20,181.2,Unsuccessful
57,211.1,Unsuccessful
60,245.5,Unsuccessful
55,231.1,Unsuccessful
59,245.4,Unsuccessful
57,233.3,Unsuccessful
52,242.5,Unsuccessful
60,233.1,Unsuccessful
60,231,Unsuccessful
57,244.2,Unsuccessful
55,230.6,Unsuccessful
53,238.3,Unsuccessful
52,241.5,Unsuccessful
55,242,Unsuccessful
55,246.2,Unsuccessful
51,247.9,Unsuccessful
50,230.2,Unsuccessful
50,259.3,Unsuccessful
54,211.4,Unsuccessful
59,221.4,Unsuccessful
60,201.4,Unsuccessful
54,221,Unsuccessful
49,252.8,Unsuccessful
41,262.8,Unsuccessful
47,256.5,Unsuccessful
46,276,Unsuccessful
42,277.9,Unsuccessful
44,284,Unsuccessful
42,272.7,Unsuccessful
49,267.4,Unsuccessful
52,259,Unsuccessful
52,194.2,Unsuccessful
50,182.6,Unsuccessful
51,195.1,Unsuccessful
51,189.6,Unsuccessful
52,218.9,Unsuccessful
58,215.1,Unsuccessful
59,206.2,Unsuccessful
55,221.3,Unsuccessful
53,201.6,Unsuccessful
55,182.9,Unsuccessful
45,261.6,Unsuccessful
57,254.8,Unsuccessful
50,252.7,Unsuccessful
65,223.3,Unsuccessful
62,203.5,Unsuccessful
61,206.5,Unsuccessful
65,224.9,Unsuccessful
64,224.2,Unsuccessful
66,208.2,Unsuccessful
68,202.5,Unsuccessful
61,220.7,Unsuccessful
63,241,Unsuccessful
68,235.3,Unsuccessful
68,226,Unsuccessful
61,243.9,Unsuccessful
65,232.8,Unsuccessful
70,226.2,Unsuccessful
70,246.9,Unsuccessful
69,240.8,Unsuccessful
64,246.5,Unsuccessful
62,208.8,Unsuccessful
67,205.6,Unsuccessful
65,187.7,Unsuccessful
68,199.9,Unsuccessful
52,264.1,Unsuccessful
54,262.1,Unsuccessful
50,253.9,Unsuccessful
53,260.5,Unsuccessful
58,253.8,Unsuccessful
58,281.2,Unsuccessful
56,282,Unsuccessful
53,271.8,Unsuccessful
53,254.3,Unsuccessful
51,278.7,Unsuccessful
59,274.1,Unsuccessful
59,268.3,Unsuccessful
57,265.5,Unsuccessful
57,281.5,Unsuccessful
58,269.9,Unsuccessful
67,190.8,Unsuccessful
64,181.5,Unsuccessful
70,187.7,Unsuccessful
50,265.8,Unsuccessful
61,242.5,Unsuccessful
42,257,Unsuccessful
44,252.6,Unsuccessful
39,221.3,Unsuccessful
36,201.4,Unsuccessful
39,238.9,Unsuccessful
35,233.9,Unsuccessful
39,242.5,Unsuccessful
39,236.4,Unsuccessful
37,234.4,Unsuccessful
39,225.7,Unsuccessful
37,244.5,Unsuccessful
33,236.4,Unsuccessful
32,246.3,Unsuccessful
31,234.3,Unsuccessful
39,242.2,Unsuccessful
34,248.1,Unsuccessful
32,242.2,Unsuccessful
40,244.1,Unsuccessful
35,243.8,Unsuccessful
39,200.4,Unsuccessful
33,218.1,Unsuccessful
35,217.4,Unsuccessful
30,212.9,Unsuccessful
37,194.1,Unsuccessful
36,192.9,Unsuccessful
35,190.6,Unsuccessful
35,198.9,Unsuccessful
33,186.9,Unsuccessful
38,180.8,Unsuccessful
37,185.2,Unsuccessful
31,190.8,Unsuccessful
33,256.3,Unsuccessful
38,184.5,Unsuccessful
39,220.7,Unsuccessful
35,205.7,Unsuccessful
40,214.2,Unsuccessful
37,205,Unsuccessful
38,223.3,Unsuccessful
35,207.1,Unsuccessful
33,205.8,Unsuccessful
40,202.3,Unsuccessful
31,212,Unsuccessful
49,259.3,Unsuccessful
37,279.5,Unsuccessful
37,255.5,Unsuccessful
40,217.8,Unsuccessful
47,223,Unsuccessful
45,208.3,Unsuccessful
45,205,Unsuccessful
48,245.4,Unsuccessful
46,229.4,Unsuccessful
49,248.7,Unsuccessful
50,242.6,Unsuccessful
45,225.3,Unsuccessful
42,236,Unsuccessful
49,247.4,Unsuccessful
43,240.8,Unsuccessful
48,248,Unsuccessful
46,244.6,Unsuccessful
46,264,Unsuccessful
40,250.8,Unsuccessful
44,262.4,Unsuccessful
46,212.9,Unsuccessful
46,221,Unsuccessful
43,210.3,Unsuccessful
43,223.2,Unsuccessful
38,265.3,Unsuccessful
49,174.9,Unsuccessful
44,172.5,Unsuccessful
40,178.8,Unsuccessful
41,172.9,Unsuccessful
41,176.7,Unsuccessful
46,181.7,Unsuccessful
46,198.2,Unsuccessful
31,263.5,Unsuccessful
44,193.1,Unsuccessful
47,193.1,Unsuccessful
43,203.9,Unsuccessful
49,206.7,Unsuccessful
47,210,Unsuccessful
42,206,Unsuccessful
48,212.5,Unsuccessful
45,224.1,Unsuccessful
43,223,Unsuccessful
44,182.2,Unsuccessful
64,270,Unsuccessful
60,266.2,Unsuccessful
69,251.7,Unsuccessful
99,274.9,Unsuccessful
97,282.9,Unsuccessful
21,143.4,Unsuccessful
28,141.4,Unsuccessful
26,149.8,Unsuccessful
28,146.6,Unsuccessful
21,146.1,Unsuccessful
38,156.2,Unsuccessful
34,155.8,Unsuccessful
36,152.4,Unsuccessful
33,159.4,Unsuccessful
33,158.4,Unsuccessful
40,168.9,Unsuccessful
48,168.5,Unsuccessful
47,169.1,Unsuccessful
47,167.4,Unsuccessful
46,161.4,Unsuccessful
99,287.4,Unsuccessful
96,282.2,Unsuccessful
99,271.3,Unsuccessful
100,270.9,Unsuccessful
95,245.9,Unsuccessful
96,239.7,Unsuccessful
97,248.6,Unsuccessful
92,241.8,Unsuccessful
93,261.5,Unsuccessful
93,250,Unsuccessful
87,257.3,Unsuccessful
85,268.5,Unsuccessful
75,277.3,Unsuccessful
85,253.8,Unsuccessful
90,253.2,Unsuccessful
95,251.3,Unsuccessful
93,266.2,Unsuccessful
85,263.6,Unsuccessful
95,289.3,Unsuccessful
99,279.5,Unsuccessful
97,278.9,Unsuccessful
97,281.8,Unsuccessful
94,264.7,Unsuccessful
91,249,Unsuccessful
65,275.6,Unsuccessful
68,271.2,Unsuccessful
82,269.8,Unsuccessful
84,268.4,Unsuccessful
88,251.4,Unsuccessful
89,266,Unsuccessful
83,265.4,Unsuccessful
81,250.9,Unsuccessful
86,263.9,Unsuccessful
85,250.9,Unsuccessful
88,267.3,Unsuccessful
80,268.1,Unsuccessful
89,257.4,Unsuccessful
88,251.3,Unsuccessful
88,266.9,Unsuccessful
88,264.1,Unsuccessful
85,233.9,Unsuccessful
90,227.1,Unsuccessful
83,246.9,Unsuccessful
88,266.4,Unsuccessful
85,293.3,Unsuccessful
84,285.7,Unsuccessful
82,284.6,Unsuccessful
63,268,Unsuccessful
83,273.8,Unsuccessful
87,287.6,Unsuccessful
81,285.7,Unsuccessful
89,272.4,Unsuccessful
81,283.7,Unsuccessful
82,290.8,Unsuccessful
88,284.3,Unsuccessful
78,278.5,Unsuccessful
86,291.5,Unsuccessful
86,291.9,Unsuccessful
84,287.4,Unsuccessful
82,287.8,Unsuccessful
86,274.1,Unsuccessful
88,288.3,Unsuccessful
83,288.8,Unsuccessful
84,281,Unsuccessful
82,283.2,Unsuccessful
83,282.7,Unsuccessful
94,248.2,Unsuccessful
92,239.7,Unsuccessful
93,230.1,Unsuccessful
72,203.1,Unsuccessful
77,217,Unsuccessful
78,212.2,Unsuccessful
71,210.9,Unsuccessful
78,221.9,Unsuccessful
75,222,Unsuccessful
77,217.7,Unsuccessful
78,208.1,Unsuccessful
79,205.6,Unsuccessful
75,200.9,Unsuccessful
80,234.2,Unsuccessful
78,247.3,Unsuccessful
79,248.1,Unsuccessful
74,248.3,Unsuccessful
72,248.9,Unsuccessful
74,249.8,Unsuccessful
78,229.9,Unsuccessful
64,283.2,Unsuccessful
64,282.6,Unsuccessful
66,282.4,Unsuccessful
63,275.7,Unsuccessful
61,251.3,Unsuccessful
68,256.7,Unsuccessful
63,263.8,Unsuccessful
70,258,Unsuccessful
61,255.6,Unsuccessful
66,256.9,Unsuccessful
67,261.6,Unsuccessful
65,257.9,Unsuccessful
74,226.6,Unsuccessful
70,257.8,Unsuccessful
61,269.8,Unsuccessful
68,256.5,Unsuccessful
62,283.4,Unsuccessful
65,276.7,Unsuccessful
62,284.6,Unsuccessful
62,277.6,Unsuccessful
69,289,Unsuccessful
65,280.9,Unsuccessful
63,254.8,Unsuccessful
78,234.9,Unsuccessful
79,234.8,Unsuccessful
77,262.5,Unsuccessful
80,275.6,Unsuccessful
79,292,Unsuccessful
72,282,Unsuccessful
77,288.5,Unsuccessful
70,270.8,Unsuccessful
74,273,Unsuccessful
70,293.4,Unsuccessful
81,220.3,Unsuccessful
78,283,Unsuccessful
82,215.9,Unsuccessful
81,203.4,Unsuccessful
89,220.8,Unsuccessful
86,241.6,Unsuccessful
85,227.4,Unsuccessful
90,245.7,Unsuccessful
87,245.4,Unsuccessful
87,240.1,Unsuccessful
99,242.1,Unsuccessful
84,206.1,Unsuccessful
33,189.6,Unsuccessful
78,278.1,Unsuccessful
73,272,Unsuccessful
78,257.8,Unsuccessful
75,256.9,Unsuccessful
79,265.4,Unsuccessful
78,264,Unsuccessful
70,257.7,Unsuccessful
78,255.4,Unsuccessful
70,252.6,Unsuccessful
73,265.2,Unsuccessful
70,285.3,Unsuccessful
74,251.1,Unsuccessful
77,269.1,Unsuccessful
77,255.3,Unsuccessful
80,265.3,Unsuccessful
76,263.7,Unsuccessful
77,276.9,Unsuccessful
70,283.3,Unsuccessful
77,281.6,Unsuccessful
78,283.8,Unsuccessful
79,252.4,Unsuccessful
86,239.9,Unsuccessful
32,171.8,Unsuccessful
38,170.6,Unsuccessful
61,176.8,Unsuccessful
61,194.5,Unsuccessful
56,159.5,Unsuccessful
56,164.5,Unsuccessful
52,162.2,Unsuccessful
59,162.9,Unsuccessful
73,180.9,Unsuccessful
51,155.3,Unsuccessful
59,156.6,Unsuccessful
49,170.9,Unsuccessful
53,168.7,Unsuccessful
51,173.8,Unsuccessful
41,149.3,Unsuccessful
47,129.3,Unsuccessful
54,155.8,Unsuccessful
63,175,Unsuccessful
60,172.9,Unsuccessful
70,184.1,Unsuccessful
99,298.6,Unsuccessful
75,177.3,Unsuccessful
63,178.3,Unsuccessful
59,192,Unsuccessful
59,173.5,Unsuccessful
68,180.9,Unsuccessful
59,177.5,Unsuccessful
59,191.9,Unsuccessful
66,174.4,Unsuccessful
55,190.4,Unsuccessful
74,178.1,Unsuccessful
67,170.1,Unsuccessful
71,170.6,Unsuccessful
63,174.2,Unsuccessful
57,171.1,Unsuccessful
49,120.3,Unsuccessful
40,124.3,Unsuccessful
46,128.8,Unsuccessful
44,140.6,Unsuccessful
13,107,Unsuccessful
26,113.4,Unsuccessful
34,126,Unsuccessful
33,112.1,Unsuccessful
31,132.1,Unsuccessful
21,137,Unsuccessful
32,113.4,Unsuccessful
25,116.1,Unsuccessful
19,120.5,Unsuccessful
20,114.8,Unsuccessful
35,102.3,Unsuccessful
20,112.3,Unsuccessful
15,137.9,Unsuccessful
27,101.8,Unsuccessful
12,100.8,Unsuccessful
19,123.4,Unsuccessful
98,296.6,Unsuccessful
19,102.2,Unsuccessful
38,172.2,Unsuccessful
38,131.8,Unsuccessful
49,142.1,Unsuccessful
45,135.2,Unsuccessful
41,121.1,Unsuccessful
40,145.3,Unsuccessful
48,144.6,Unsuccessful
48,120.7,Unsuccessful
50,146.2,Unsuccessful
49,153,Unsuccessful
44,136.8,Unsuccessful
48,131.4,Unsuccessful
42,124.6,Unsuccessful
38,123.1,Unsuccessful
47,143.8,Unsuccessful
34,141.1,Unsuccessful
26,112.8,Unsuccessful
83,298.6,Unsuccessful
85,296.4,Unsuccessful
99,297.9,Unsuccessful
25,215.1,Unsuccessful
52,148.6,Unsuccessful
120,283.8,Unsuccessful
70,139.4,Unsuccessful
26,172.2,Unsuccessful
53,169,Unsuccessful
64,191.8,Unsuccessful
80,299.7,Unsuccessful
38,111.7,Unsuccessful
57,232.8,Unsuccessful
13,197,Unsuccessful
79,189.3,Unsuccessful
82,217.8,Unsuccessful
47,76.7,Unsuccessful
70,124.6,Unsuccessful
80,204,Unsuccessful
30,64.9,Unsuccessful
85,197.1,Unsuccessful
66,192,Unsuccessful
39,232.2,Unsuccessful
43,188.2,Unsuccessful
4,232.6,Unsuccessful
64,156.1,Unsuccessful
12,128.2,Unsuccessful
60,105.4,Unsuccessful
48,181.3,Unsuccessful
24,273.1,Unsuccessful
70,166.5,Unsuccessful
45,134.7,Unsuccessful
71,182.3,Unsuccessful
7,275.9,Unsuccessful
81,238,Unsuccessful
41,291.6,Unsuccessful
39,164.7,Unsuccessful
61,80.3,Unsuccessful
2,98.3,Unsuccessful
69,96.5,Unsuccessful
4,59.1,Unsuccessful
96,262,Unsuccessful
96,261.8,Unsuccessful
99,265.3,Unsuccessful
97,260.9,Unsuccessful
99,253.7,Unsuccessful
96,265,Unsuccessful
95,263.9,Unsuccessful
99,258.9,Unsuccessful
97,259.6,Unsuccessful
100,267.6,Unsuccessful
83,295.2,Unsuccessful
91,299.3,Unsuccessful
91,300,Unsuccessful
99,299.9,Unsuccessful
91,295.9,Unsuccessful
24,125.2,Unsuccessful
46,123.8,Unsuccessful
28,127.3,Unsuccessful
23,127.3,Unsuccessful
87,168.3,Unsuccessful
7,162.5,Unsuccessful
59,175,Unsuccessful
22,245.5,Unsuccessful
35,289.5,Unsuccessful
7,175.3,Unsuccessful
51,264.5,Unsuccessful
17,217.6,Unsuccessful
9,195,Unsuccessful
77,235,Unsuccessful
72,240.3,Unsuccessful
64,212.8,Unsuccessful
65,218.4,Unsuccessful
7,159.7,Unsuccessful
22,130.9,Unsuccessful
29,132.6,Unsuccessful
2,95.1,Unsuccessful
15,122.1,Unsuccessful
7,96.2,Unsuccessful
9,99.5,Unsuccessful
24,155.7,Unsuccessful
25,157.6,Unsuccessful
20,157.7,Unsuccessful
21,154.1,Unsuccessful
22,156.1,Unsuccessful
22,172.6,Unsuccessful
30,173.9,Unsuccessful
29,175,Unsuccessful
25,174.9,Unsuccessful
24,167.6,Unsuccessful
20,195.9,Unsuccessful
26,194.6,Unsuccessful
30,186.8,Unsuccessful
25,182.2,Unsuccessful
19,235.7,Unsuccessful
30,187.8,Unsuccessful
13,240.3,Unsuccessful
13,242.7,Unsuccessful
18,190,Unsuccessful
20,189.5,Unsuccessful
18,180.1,Unsuccessful
11,185.3,Unsuccessful
17,181.3,Unsuccessful
18,186.7,Unsuccessful
17,198.4,Unsuccessful
18,188,Unsuccessful
13,181.7,Unsuccessful
18,182.4,Unsuccessful
12,208.7,Unsuccessful
15,208.6,Unsuccessful
11,223.7,Unsuccessful
18,224.4,Unsuccessful
10,216.4,Unsuccessful
11,235.7,Unsuccessful
11,178,Unsuccessful
21,194.3,Unsuccessful
24,191.8,Unsuccessful
23,230.6,Unsuccessful
27,229.2,Unsuccessful
22,226.2,Unsuccessful
28,228.9,Unsuccessful
23,236.4,Unsuccessful
27,227.6,Unsuccessful
28,230.6,Unsuccessful
27,235.2,Unsuccessful
24,248.6,Unsuccessful
23,255.6,Unsuccessful
27,259.1,Unsuccessful
24,257.5,Unsuccessful
25,257.6,Unsuccessful
39,166,Unsuccessful
33,167.8,Unsuccessful
27,226,Unsuccessful
25,195.1,Unsuccessful
25,231.6,Unsuccessful
29,214.3,Unsuccessful
22,189.1,Unsuccessful
26,197.6,Unsuccessful
27,183.3,Unsuccessful
27,194,Unsuccessful
29,186.2,Unsuccessful
26,199.4,Unsuccessful
87,213.5,Unsuccessful
24,215.3,Unsuccessful
29,216.7,Unsuccessful
26,222.4,Unsuccessful
21,215.8,Unsuccessful
29,221.3,Unsuccessful
26,205,Unsuccessful
26,217.6,Unsuccessful
23,206.6,Unsuccessful
25,203.8,Unsuccessful
17,174.9,Unsuccessful
15,243.8,Unsuccessful
15,161,Unsuccessful
2,153.8,Unsuccessful
9,151.3,Unsuccessful
4,147.5,Unsuccessful
9,141.1,Unsuccessful
6,146.1,Unsuccessful
7,146.2,Unsuccessful
4,140,Unsuccessful
10,144.4,Unsuccessful
0,147.2,Unsuccessful
8,174.3,Unsuccessful
5,170.2,Unsuccessful
7,174.1,Unsuccessful
18,177.2,Unsuccessful
2,176.2,Unsuccessful
2,178.7,Unsuccessful
10,184,Unsuccessful
7,152.9,Unsuccessful
1,124.4,Unsuccessful
5,123,Unsuccessful
3,138.2,Unsuccessful
9,115.9,Unsuccessful
8,116.6,Unsuccessful
6,118.3,Unsuccessful
7,107,Unsuccessful
6,116.4,Unsuccessful
5,108.6,Unsuccessful
6,106.9,Unsuccessful
9,109.5,Unsuccessful
4,110.5,Unsuccessful
6,118.8,Unsuccessful
1,121.8,Unsuccessful
1,139.1,Unsuccessful
9,127.5,Unsuccessful
4,135.1,Unsuccessful
4,121,Unsuccessful
1,120.6,Unsuccessful
6,133.6,Unsuccessful
0,194.7,Unsuccessful
7,188.3,Unsuccessful
90,246.1,Unsuccessful
20,179.1,Unsuccessful
12,149.5,Unsuccessful
15,140.8,Unsuccessful
14,156,Unsuccessful
16,146.6,Unsuccessful
2,225.2,Unsuccessful
12,149.1,Unsuccessful
20,144.7,Unsuccessful
11,141.6,Unsuccessful
11,173.8,Unsuccessful
15,124,Unsuccessful
18,136.9,Unsuccessful
16,126.7,Unsuccessful
4,185.1,Unsuccessful
17,168.2,Unsuccessful
14,180,Unsuccessful
16,125.4,Unsuccessful
14,171,Unsuccessful
15,149,Unsuccessful
20,131.9,Unsuccessful
4,233.5,Unsuccessful
19,163.2,Unsuccessful
9,187.7,Unsuccessful
4,205.3,Unsuccessful
7,201.4,Unsuccessful
19,164.8,Unsuccessful
4,205.1,Unsuccessful
17,141.8,Unsuccessful
1,220.7,Unsuccessful
14,162.7,Unsuccessful
20,178.7,Unsuccessful
18,161.1,Unsuccessful
12,146.7,Unsuccessful
13,179,Unsuccessful
193,108.1,Successful
251,214.4,Successful
220,68.5,Successful
299,276.2,Successful
248,52.3,Successful
298,81.9,Successful
287,186.6,Successful
194,77.2,Successful
240,78.4,Successful
257,97.7,Successful
228,124.1,Successful
202,108.9,Successful
286,206,Successful
286,112,Successful
194,121.7,Successful
297,192.7,Successful
259,242.2,Successful
216,86,Successful
220,153.7,Successful
269,123.7,Successful
283,284.6,Successful
264,120.8,Successful
293,223.2,Successful
253,59.4,Successful
279,138.5,Successful
260,192.1,Successful
199,59.5,Successful
185,54.2,Successful
282,146.7,Successful
257,51.8,Successful
220,184.1,Successful
253,191.7,Successful
220,119.4,Successful
260,64.5,Successful
284,154.8,Successful
256,207.2,Successful
180,61.6,Successful
258,154.5,Successful
254,170,Successful
208,50.6,Successful
299,153.4,Successful
253,99.1,Successful
292,155.3,Successful
285,95.1,Successful
262,83.8,Successful
268,118.3,Successful
262,98.4,Successful
265,110.5,Successful
268,79.3,Successful
260,128.7,Successful
270,121.8,Successful
269,111.9,Successful
264,66.4,Successful
260,70.5,Successful
264,46.3,Successful
261,79.6,Successful
265,65.3,Successful
260,73.1,Successful
266,100.7,Successful
265,114,Successful
257,158.6,Successful
251,165.4,Successful
251,82.4,Successful
254,81.3,Successful
255,80.6,Successful
254,87.1,Successful
253,109.1,Successful
251,72,Successful
257,85.1,Successful
252,132.5,Successful
255,122.1,Successful
254,141.2,Successful
252,130.2,Successful
260,138.4,Successful
257,138.1,Successful
250,172.5,Successful
255,154.7,Successful
262,67.4,Successful
268,67.9,Successful
261,60.8,Successful
260,62.4,Successful
266,114.1,Successful
267,169.8,Successful
262,167.4,Successful
265,168.3,Successful
264,187.5,Successful
260,151.6,Successful
265,219.5,Successful
261,222.5,Successful
261,201.2,Successful
263,215.9,Successful
264,214.2,Successful
275,53.8,Successful
280,82.9,Successful
274,83.9,Successful
275,85.9,Successful
265,127,Successful
257,103.2,Successful
261,108,Successful
263,129.3,Successful
265,78.8,Successful
263,63.6,Successful
260,59.9,Successful
263,87.5,Successful
267,59.6,Successful
267,115.1,Successful
263,98.2,Successful
269,96.4,Successful
264,120.3,Successful
261,138,Successful
268,131.4,Successful
264,119.4,Successful
266,119.3,Successful
269,137.1,Successful
260,91.6,Successful
264,112.2,Successful
273,76.4,Successful
254,83.3,Successful
252,51.4,Successful
245,63.9,Successful
240,66.5,Successful
247,57.8,Successful
250,58.4,Successful
245,111.4,Successful
241,109,Successful
249,79.7,Successful
244,115.2,Successful
248,116.9,Successful
246,124.6,Successful
240,128.5,Successful
242,149.5,Successful
244,139.4,Successful
241,126.6,Successful
248,100.3,Successful
242,88.2,Successful
249,75.6,Successful
248,57.8,Successful
245,52,Successful
240,60.6,Successful
248,41.9,Successful
249,65.8,Successful
245,70.1,Successful
240,59.6,Successful
247,41.7,Successful
241,71.3,Successful
245,54.1,Successful
247,75.8,Successful
241,60.6,Successful
242,75.5,Successful
249,79.9,Successful
249,82,Successful
240,83.8,Successful
241,169,Successful
241,153.1,Successful
247,153.4,Successful
245,162.1,Successful
256,75.6,Successful
260,53.8,Successful
251,62.4,Successful
256,71.2,Successful
254,69.5,Successful
254,54.2,Successful
253,56.7,Successful
252,45.4,Successful
255,59.6,Successful
260,55.9,Successful
256,69,Successful
250,54.1,Successful
260,75.4,Successful
259,79.6,Successful
257,46.2,Successful
253,112.4,Successful
254,85.9,Successful
250,105.9,Successful
259,100.6,Successful
243,164.5,Successful
242,175,Successful
248,181.2,Successful
241,172.9,Successful
254,71.4,Successful
256,187,Successful
252,99.2,Successful
256,109.8,Successful
252,104.2,Successful
257,105.4,Successful
254,70.6,Successful
254,87.8,Successful
250,98.3,Successful
256,111.8,Successful
259,109.6,Successful
258,96.3,Successful
280,53.9,Successful
280,51.4,Successful
278,59.1,Successful
297,66.2,Successful
291,96.2,Successful
291,74.1,Successful
293,71.4,Successful
299,110.4,Successful
291,113.5,Successful
292,52,Successful
291,132.3,Successful
298,116.9,Successful
298,125.9,Successful
298,140.6,Successful
300,148,Successful
294,144.6,Successful
291,113.3,Successful
295,104.8,Successful
300,63.6,Successful
298,84.5,Successful
291,90.4,Successful
281,171.9,Successful
286,195.4,Successful
286,172.2,Successful
287,220.4,Successful
288,209.8,Successful
288,236.9,Successful
283,244.3,Successful
281,200.9,Successful
282,226,Successful
284,230.9,Successful
287,220.9,Successful
284,206.6,Successful
288,220.4,Successful
300,84.7,Successful
295,74.5,Successful
294,146.1,Successful
296,119.3,Successful
291,106.9,Successful
293,107.9,Successful
300,210.3,Successful
299,219.2,Successful
278,150.5,Successful
278,155.7,Successful
283,155.9,Successful
280,176.2,Successful
271,163.8,Successful
299,159.1,Successful
293,151.9,Successful
290,150.4,Successful
293,154.2,Successful
293,145.8,Successful
291,148.6,Successful
295,143.7,Successful
292,141.2,Successful
297,230.4,Successful
285,177.4,Successful
292,229.8,Successful
294,246.7,Successful
298,119.7,Successful
295,172.3,Successful
299,182,Successful
293,154.9,Successful
296,182.4,Successful
293,172.5,Successful
295,176.3,Successful
293,171.8,Successful
297,157.4,Successful
295,155.6,Successful
299,189.9,Successful
299,241.7,Successful
298,248.6,Successful
299,208.9,Successful
297,228.1,Successful
298,216.4,Successful
286,178.4,Successful
289,198.1,Successful
281,164.7,Successful
272,135.8,Successful
276,133.6,Successful
277,130.8,Successful
274,167.9,Successful
274,168.2,Successful
278,172.2,Successful
276,172.5,Successful
270,180.5,Successful
277,151.2,Successful
279,197.3,Successful
270,198.3,Successful
270,154.3,Successful
275,159.1,Successful
279,206.4,Successful
279,217.5,Successful
274,102.2,Successful
274,227.5,Successful
273,139.1,Successful
274,100.3,Successful
273,80.7,Successful
273,77.3,Successful
280,97.8,Successful
271,78.3,Successful
277,74.5,Successful
278,67.4,Successful
275,87.1,Successful
274,118.3,Successful
279,132.8,Successful
271,130.8,Successful
271,118.8,Successful
280,126.9,Successful
276,109.2,Successful
275,100.2,Successful
277,132.5,Successful
271,126.9,Successful
244,52.4,Successful
275,245.6,Successful
271,250.1,Successful
284,102.9,Successful
291,122.5,Successful
287,141.5,Successful
283,147.8,Successful
287,107.6,Successful
288,111,Successful
281,110.7,Successful
289,103.2,Successful
289,134.1,Successful
287,118.3,Successful
285,146.6,Successful
289,113.9,Successful
281,174.9,Successful
285,175.7,Successful
290,191.3,Successful
284,148.9,Successful
273,243.2,Successful
282,128.4,Successful
288,117.5,Successful
271,201.4,Successful
270,204,Successful
277,204.9,Successful
275,246.5,Successful
279,242.9,Successful
288,79.8,Successful
290,71,Successful
282,99.1,Successful
283,56,Successful
283,81.5,Successful
283,85.1,Successful
285,60.1,Successful
285,55.8,Successful
289,54,Successful
289,60.2,Successful
280,149.3,Successful
243,60.3,Successful
275,96.7,Successful
246,42.3,Successful
207,94.2,Successful
211,125.8,Successful
214,126.7,Successful
219,105.9,Successful
228,151.7,Successful
228,155.8,Successful
206,103.2,Successful
230,153,Successful
235,152.9,Successful
226,156.1,Successful
232,150.7,Successful
227,157.8,Successful
226,152.9,Successful
231,157.8,Successful
228,158.2,Successful
219,113.4,Successful
210,118.1,Successful
209,114.5,Successful
201,75.3,Successful
206,68.4,Successful
205,73.1,Successful
201,74,Successful
207,76,Successful
206,75.8,Successful
274,102.8,Successful
291,140.6,Successful
283,115.4,Successful
284,90.3,Successful
273,133.5,Successful
280,89.7,Successful
283,64,Successful
283,118.8,Successful
219,122.2,Successful
230,155.4,Successful
227,131.9,Successful
221,127.8,Successful
228,132.1,Successful
261,162.6,Successful
259,164.7,Successful
264,163.7,Successful
201,65.3,Successful
205,82.3,Successful
210,66.8,Successful
207,82.5,Successful
202,84.9,Successful
205,59.1,Successful
204,56.9,Successful
208,63.4,Successful
206,64.6,Successful
201,51.1,Successful
216,51.2,Successful
216,50.4,Successful
264,171.4,Successful
206,76.3,Successful
259,174.9,Successful
266,143.8,Successful
223,137.1,Successful
222,126.3,Successful
226,125.2,Successful
225,121.2,Successful
222,120.8,Successful
229,122.1,Successful
226,132.4,Successful
278,185.9,Successful
273,173.8,Successful
274,170.2,Successful
274,178.4,Successful
274,187.4,Successful
259,148.9,Successful
264,148.1,Successful
255,147.1,Successful
260,141.3,Successful
215,52.9,Successful
204,73.9,Successful
201,70.8,Successful
206,106,Successful
220,150.3,Successful
218,144.1,Successful
230,137.5,Successful
225,141.9,Successful
228,146.3,Successful
219,148,Successful
223,146.8,Successful
252,177.2,Successful
236,175.5,Successful
242,195.9,Successful
251,165.7,Successful
232,167.7,Successful
235,192.8,Successful
225,138.5,Successful
219,156.3,Successful
220,158.2,Successful
224,153.1,Successful
248,41.8,Successful
208,109.9,Successful
220,109.8,Successful
219,117.6,Successful
207,118,Successful
220,97.2,Successful
205,98.5,Successful
210,126.8,Successful
214,93.9,Successful
210,126.7,Successful
206,120.2,Successful
211,154.7,Successful
220,141.3,Successful
224,158.9,Successful
222,167.9,Successful
235,173.1,Successful
241,196.3,Successful
228,160.7,Successful
234,174.8,Successful
269,190.5,Successful
255,207.7,Successful
270,201.5,Successful
256,191.6,Successful
258,204.9,Successful
279,205.5,Successful
289,216.8,Successful
290,220.4,Successful
288,207.6,Successful
288,211.2,Successful
284,212.2,Successful
278,223.4,Successful
288,218.2,Successful
284,223.4,Successful
282,233.4,Successful
246,206.1,Successful
202,69,Successful
252,193.8,Successful
265,193.9,Successful
246,179.4,Successful
258,183.1,Successful
237,173,Successful
244,169.3,Successful
246,197.5,Successful
260,208.7,Successful
260,203.4,Successful
264,206.8,Successful
248,191.6,Successful
248,189.2,Successful
263,202.5,Successful
246,186.9,Successful
262,197.4,Successful
253,200.4,Successful
268,208.8,Successful
258,193.2,Successful
212,53.3,Successful
256,186.3,Successful
212,56.7,Successful
223,107,Successful
230,99.8,Successful
231,47.4,Successful
238,55.2,Successful
231,41.6,Successful
236,53,Successful
233,55.3,Successful
232,52.3,Successful
231,45.9,Successful
230,45.1,Successful
236,44.1,Successful
231,59.5,Successful
239,52.3,Successful
233,58,Successful
238,42.9,Successful
220,92.4,Successful
228,109.8,Successful
228,106.5,Successful
223,93.2,Successful
225,77.1,Successful
220,98.2,Successful
224,109.6,Successful
224,107.4,Successful
224,119.8,Successful
225,99.2,Successful
229,95.9,Successful
236,58.7,Successful
223,100.3,Successful
222,100.7,Successful
221,104.7,Successful
224,99.5,Successful
229,93.7,Successful
225,101.7,Successful
223,95.9,Successful
214,59.9,Successful
229,91.2,Successful
237,44.2,Successful
244,45.3,Successful
233,78,Successful
238,104.6,Successful
230,95.7,Successful
238,114.6,Successful
231,99.2,Successful
235,144.9,Successful
235,120.4,Successful
237,129.8,Successful
232,119.9,Successful
233,135.6,Successful
237,149.1,Successful
233,131.4,Successful
234,134,Successful
232,131.3,Successful
239,141,Successful
242,66.6,Successful
243,49.8,Successful
236,121.1,Successful
227,86.4,Successful
234,94.8,Successful
232,97.3,Successful
236,96.7,Successful
230,102.6,Successful
236,97.9,Successful
238,68.3,Successful
232,74.9,Successful
231,82.1,Successful
235,72.8,Successful
240,93.5,Successful
239,66.1,Successful
233,73.7,Successful
234,61.4,Successful
233,70.5,Successful
240,80.9,Successful
230,63.7,Successful
235,114,Successful
233,90.4,Successful
237,94.6,Successful
220,96.4,Successful
225,116.9,Successful
212,93.1,Successful
219,77.7,Successful
211,102.7,Successful
216,72.3,Successful
213,86.6,Successful
216,95.6,Successful
212,102.2,Successful
216,101.5,Successful
216,92.2,Successful
224,44.4,Successful
222,42.9,Successful
224,50.3,Successful
219,78.9,Successful
214,89.4,Successful
218,70.3,Successful
224,53.8,Successful
224,45,Successful
221,42.7,Successful
212,90.9,Successful
211,72.7,Successful
213,91.4,Successful
215,75.3,Successful
216,96.6,Successful
217,68.5,Successful
212,85.1,Successful
212,98.2,Successful
214,66,Successful
219,98.3,Successful
211,99.5,Successful
218,94.8,Successful
230,47,Successful
213,67,Successful
216,105.7,Successful
212,70.5,Successful
218,111.7,Successful
213,92.6,Successful
217,111.9,Successful
219,107.1,Successful
216,79.4,Successful
215,112.2,Successful
219,80.1,Successful
227,57,Successful
221,38.2,Successful
219,46.9,Successful
226,95.2,Successful
221,49.7,Successful
215,54.9,Successful
225,75.5,Successful
220,56.3,Successful
218,52.9,Successful
228,82.9,Successful
217,51.5,Successful
222,73.9,Successful
222,83.2,Successful
226,79.2,Successful
221,78.5,Successful
221,73.8,Successful
223,60.7,Successful
212,50.7,Successful
218,40.4,Successful
228,71,Successful
219,107.4,Successful
226,95,Successful
217,52.4,Successful
227,41.6,Successful
225,39.9,Successful
224,57.9,Successful
222,47.9,Successful
224,58.1,Successful
211,39.4,Successful
106,117.5,Average
113,133.8,Average
111,115.2,Average
110,121.6,Average
110,103.7,Average
112,105.7,Average
112,120.5,Average
103,138.7,Average
103,136.5,Average
106,120.1,Average
101,133.9,Average
106,133.9,Average
107,132.6,Average
101,115.8,Average
106,115.1,Average
101,123.5,Average
108,106.2,Average
110,127.8,Average
109,126,Average
109,118.2,Average
108,126.6,Average
122,210.4,Average
148,210.7,Average
134,206.3,Average
104,101.1,Average
125,233.6,Average
130,239.8,Average
128,236.2,Average
102,100.5,Average
100,108.4,Average
105,94.8,Average
104,101.9,Average
137,209.8,Average
123,217,Average
129,221.2,Average
123,212.4,Average
127,229.1,Average
122,211.6,Average
123,214.5,Average
128,235.5,Average
123,219.9,Average
124,216,Average
121,218.1,Average
123,210.3,Average
109,135.8,Average
135,209.7,Average
138,215.2,Average
148,210.1,Average
146,213.7,Average
149,209.2,Average
150,213.5,Average
146,207.4,Average
147,207,Average
149,202.1,Average
150,207.6,Average
120,214,Average
134,211.7,Average
140,203.3,Average
144,196,Average
142,190.7,Average
148,197.7,Average
141,199.3,Average
133,194.3,Average
131,199.2,Average
137,196.3,Average
130,198.9,Average
138,196.2,Average
144,199.1,Average
117,106.8,Average
112,150.1,Average
117,100.3,Average
125,98.5,Average
125,109,Average
124,114.4,Average
123,105.4,Average
125,106.3,Average
114,163.9,Average
129,111.9,Average
119,161.5,Average
116,176.5,Average
112,172.3,Average
118,165.6,Average
120,164.2,Average
114,166.1,Average
118,163.4,Average
117,179.2,Average
119,168.4,Average
129,113.7,Average
125,99.9,Average
127,127.8,Average
123,123.5,Average
128,135.6,Average
120,129.3,Average
121,138.5,Average
120,132.6,Average
120,96,Average
123,138,Average
124,135.5,Average
121,120.7,Average
124,131.1,Average
128,133.4,Average
122,138.8,Average
123,98.2,Average
124,138.6,Average
113,114.5,Average
120,142.6,Average
128,229,Average
113,150.4,Average
111,158.4,Average
118,148.5,Average
114,143.8,Average
112,144.6,Average
115,144.7,Average
115,147.1,Average
111,142,Average
117,157.7,Average
113,107.9,Average
118,116.2,Average
114,114.8,Average
112,101.9,Average
117,118.4,Average
118,158.7,Average
117,140.9,Average
118,148.9,Average
116,150.3,Average
118,149.5,Average
111,149.9,Average
114,145.7,Average
111,141.3,Average
118,159.4,Average
114,143.1,Average
114,142.9,Average
119,141.2,Average
113,148.2,Average
117,157.7,Average
118,159.9,Average
110,142.8,Average
112,154.8,Average
120,151.7,Average
116,154.7,Average
130,239.8,Average
108,160.1,Average
127,232,Average
200,210,Average
281,298.4,Average
141,177.9,Average
167,197.8,Average
182,269.4,Average
77,95.5,Average
186,220.5,Average
157,89.3,Average
101,159.4,Average
209,168.2,Average
147,115.6,Average
103,68.5,Average
202,226.8,Average
266,283.3,Average
148,218.3,Average
171,182.8,Average
196,216.3,Average
102,195.4,Average
103,162.6,Average
106,162.7,Average
107,193.5,Average
106,186,Average
105,193.3,Average
111,194.3,Average
194,274.3,Average
110,195.2,Average
114,92.8,Average
120,138.7,Average
221,291.6,Average
155,244.4,Average
240,243.3,Average
152,195.6,Average
148,295.1,Average
102,167.4,Average
123,85.8,Average
176,211.6,Average
136,234.3,Average
187,166.2,Average
88,133.1,Average
116,95.8,Average
197,283.7,Average
177,237.1,Average
248,281.5,Average
158,181.5,Average
167,126.4,Average
131,63.6,Average
208,193.6,Average
96,174.3,Average
175,206.8,Average
190,191.4,Average
108,196.5,Average
130,126.3,Average
118,152.9,Average
152,169,Average
186,203.2,Average
266,299.4,Average
132,67.2,Average
190,217.6,Average
244,247.4,Average
120,127.2,Average
199,181.8,Average
87,100,Average
159,156.7,Average
133,295.9,Average
157,270.8,Average
153,279.4,Average
95,99.5,Average
230,223.8,Average
196,164.7,Average
127,226.2,Average
101,168.7,Average
101,192.3,Average
142,228.4,Average
150,236,Average
145,225.8,Average
148,224.9,Average
149,229.2,Average
145,238.3,Average
141,231.5,Average
147,234.8,Average
143,225.6,Average
139,221.3,Average
148,232.6,Average
145,230.4,Average
131,223,Average
132,209.8,Average
141,223.2,Average
134,234.6,Average
145,239.5,Average
143,218.1,Average
138,222.1,Average
142,235,Average
143,219.1,Average
147,221.2,Average
142,238.2,Average
141,226.9,Average
141,228,Average
148,220.4,Average
136,221.2,Average
137,220.8,Average
139,229.6,Average
149,227.1,Average
144,227.1,Average
149,222,Average
140,237.4,Average
102,156.6,Average
128,224.1,Average
131,242.6,Average
122,192.9,Average
120,201.7,Average
112,200,Average
111,205,Average
130,191.9,Average
119,188.5,Average
127,191.9,Average
104,176.8,Average
106,143.7,Average
107,179.5,Average
101,191.1,Average
109,159,Average
105,153.6,Average
108,175.8,Average
105,144.6,Average
132,226.3,Average
112,206.1,Average
118,206.6,Average
128,211.1,Average
130,240.5,Average
131,230.3,Average
132,224,Average
119,197.3,Average
124,197,Average
118,206.1,Average
122,189.7,Average
121,191.9,Average
116,196.2,Average
125,198.9,Average
114,185.9,Average
116,186.4,Average
115,189.3,Average
112,200.7,Average
121,129.6,Average
141,163.2,Average
126,145.5,Average
164,219.2,Average
169,212.2,Average
165,179.1,Average
161,150.8,Average
165,150.5,Average
168,180.1,Average
163,172.1,Average
161,169.8,Average
166,197.4,Average
164,197,Average
163,184.4,Average
166,181.4,Average
165,158.3,Average
166,169.4,Average
166,173,Average
162,192.5,Average
165,188.3,Average
170,141.6,Average
167,144.3,Average
164,206.2,Average
163,144.1,Average
162,218.8,Average
166,213.1,Average
162,265.9,Average
165,246.1,Average
167,238,Average
162,248.8,Average
161,240.8,Average
165,227.7,Average
168,221.1,Average
164,237.1,Average
169,231.6,Average
161,232.2,Average
161,245,Average
161,244,Average
165,242,Average
167,238.7,Average
165,228.1,Average
160,245.5,Average
162,203.7,Average
165,217.9,Average
169,220,Average
162,218.4,Average
160,149.9,Average
167,147.7,Average
163,110.5,Average
158,153.8,Average
154,169.1,Average
153,167.8,Average
152,157.5,Average
160,179.1,Average
152,193.8,Average
160,175.9,Average
157,193.3,Average
151,150.9,Average
157,174.6,Average
153,189.8,Average
152,188.5,Average
152,179.8,Average
160,116.6,Average
159,133.8,Average
153,102,Average
151,107.7,Average
154,127.7,Average
157,124.9,Average
157,186.3,Average
151,198.6,Average
153,238.3,Average
154,236.7,Average
165,126.6,Average
168,128.4,Average
156,276,Average
157,261.2,Average
157,264.6,Average
159,244.1,Average
156,241.9,Average
154,242.8,Average
151,248.3,Average
163,263.7,Average
158,258.9,Average
151,249.4,Average
152,229.2,Average
156,215.7,Average
159,213.8,Average
152,201.3,Average
156,220.1,Average
158,230.3,Average
157,208.1,Average
160,227.3,Average
151,252.8,Average
161,272.9,Average
168,268.6,Average
169,280.7,Average
181,222.8,Average
187,238,Average
186,228.7,Average
182,222.5,Average
185,226.3,Average
187,237.1,Average
186,216.2,Average
181,211.9,Average
186,215.4,Average
188,215.7,Average
187,213.6,Average
187,244.4,Average
188,256,Average
188,251.2,Average
189,242.3,Average
185,265.9,Average
172,290.9,Average
170,299.3,Average
171,293.7,Average
186,236.1,Average
188,233.8,Average
182,247,Average
186,246.2,Average
196,282.6,Average
198,279.2,Average
196,266.9,Average
195,288,Average
192,260.6,Average
198,276.5,Average
192,281.7,Average
191,268.4,Average
191,293.6,Average
180,293.7,Average
199,287.2,Average
188,290.6,Average
184,257.6,Average
188,272.4,Average
184,275.2,Average
188,273.6,Average
190,292.6,Average
188,272.3,Average
182,298.9,Average
181,290.5,Average
189,267.8,Average
159,148.7,Average
171,298.6,Average
175,252.1,Average
185,289.3,Average
181,272.2,Average
173,273.2,Average
188,288.6,Average
172,175.1,Average
175,189.1,Average
171,172.6,Average
178,191.4,Average
178,191.6,Average
177,182.5,Average
172,194.6,Average
179,174.2,Average
176,172.9,Average
174,175.7,Average
175,162.5,Average
174,166,Average
178,162.5,Average
174,166.1,Average
174,167.4,Average
178,271.5,Average
174,275.4,Average
173,282.6,Average
187,279.7,Average
172,264.9,Average
178,267.7,Average
175,269.2,Average
178,212.3,Average
173,228.6,Average
174,205.4,Average
173,243,Average
180,230.1,Average
174,218.7,Average
175,260.2,Average
173,241.5,Average
179,236.7,Average
171,214.1,Average
171,247.9,Average
171,244.7,Average
172,236.3,Average
177,244.7,Average
174,249.3,Average
176,276.5,Average
171,287.5,Average
174,242.5,Average
155,144.1,Average
154,143.9,Average
153,114.9,Average
134,197.6,Average
139,192.4,Average
137,195.1,Average
136,153.9,Average
133,168.1,Average
138,160.9,Average
138,159.1,Average
134,157.6,Average
132,157.3,Average
138,152.9,Average
136,150.6,Average
134,164,Average
139,163.6,Average
138,151.5,Average
138,150.8,Average
133,152.4,Average
133,159.6,Average
138,150.1,Average
135,145.6,Average
135,191.7,Average
136,192.8,Average
135,190.6,Average
139,191.5,Average
147,145.5,Average
149,148,Average
144,142.9,Average
148,132.9,Average
143,137.6,Average
149,139.4,Average
142,145.5,Average
140,117.5,Average
140,121.4,Average
130,130.5,Average
145,100.8,Average
150,103,Average
149,108.4,Average
144,116.3,Average
147,121.2,Average
144,128.8,Average
150,112.9,Average
133,171.2,Average
137,181.4,Average
137,192.2,Average
147,106.5,Average
141,149.1,Average
138,130.2,Average
136,130.7,Average
129,175.8,Average
126,172.7,Average
122,172.9,Average
128,172.7,Average
124,173.5,Average
129,162.1,Average
125,153.5,Average
122,147.9,Average
128,140.8,Average
127,151.9,Average
121,142.6,Average
124,153.1,Average
129,144.2,Average
124,141.5,Average
128,155.5,Average
130,151.7,Average
127,142.6,Average
128,154.8,Average
125,149.8,Average
127,172.9,Average
120,170.5,Average
126,163,Average
124,178.9,Average
136,135,Average
138,148.8,Average
134,137.9,Average
132,133.4,Average
134,141.8,Average
133,137.5,Average
136,138.7,Average
134,136.4,Average
140,141.8,Average
134,143.7,Average
138,146.9,Average
140,105.3,Average
131,109.8,Average
138,115.6,Average
134,119,Average
132,108.8,Average
139,112.6,Average
139,127,Average
138,104.8,Average
139,113.6,Average
132,105.1,Average
123,141.7,Average
145,146.9,Average
148,140.6,Average
177,176.7,Average
180,174.2,Average
174,189.9,Average
173,166.9,Average
171,173.1,Average
176,168,Average
171,171.1,Average
177,151.5,Average
179,173.2,Average
176,176,Average
172,169.4,Average
190,171,Average
182,194.9,Average
180,191.9,Average
181,174.1,Average
189,186.5,Average
184,189.8,Average
187,190.5,Average
180,174.5,Average
178,192.9,Average
171,165.3,Average
176,161,Average
170,193.9,Average
157,146.2,Average
158,134.6,Average
159,140.2,Average
151,129.8,Average
160,109.5,Average
158,123.1,Average
159,128.5,Average
159,149.4,Average
151,133,Average
188,198.4,Average
156,141.1,Average
154,123.9,Average
159,130.6,Average
157,136,Average
151,108.7,Average
153,122.4,Average
158,149.3,Average
157,115.6,Average
153,142.1,Average
154,107.2,Average
156,143.2,Average
148,144.2,Average
190,197.5,Average
195,199.1,Average
143,178.2,Average
143,168.9,Average
149,166.8,Average
144,167.2,Average
147,169.5,Average
149,163.9,Average
145,169.2,Average
144,153.5,Average
150,164.4,Average
141,160.4,Average
149,153.9,Average
143,163.9,Average
149,169.4,Average
146,154,Average
145,153.8,Average
145,143.4,Average
142,135.4,Average
148,137.2,Average
141,130.6,Average
146,198.3,Average
142,171.8,Average
149,189.7,Average
142,182.3,Average
195,204.7,Average
190,190.7,Average
197,201.1,Average
188,215.7,Average
184,203.1,Average
187,203,Average
188,203.1,Average
187,216.1,Average
175,134.5,Average
195,187.3,Average
173,168.7,Average
173,126,Average
178,130.8,Average
154,205.3,Average
153,200.3,Average
141,186.6,Average
147,192.2,Average
145,183.4,Average
145,195.2,Average
142,179.4,Average
176,161.2,Average
160,217.8,Average
